LB28-3200-32-2-15-I,-2.9172208629993364,-21.707655709310146,0.09803921568627451,2.5,15.0,7.8816,1.0,30
LB28-3200-32-2-15-I,-2.919023433679293,-21.707867689745463,0.0784313725490196,2.5,15.0,7.9356,1.0,30
LB28-3200-32-2-15-I,-3.069159307598759,-21.725218216070086,0.10784313725490197,2.5,15.0,8.0328,1.0,30
LB28-3200-32-2-15-I,-2.9541275564268945,-21.711978405485702,0.0718954248366013,2.5,15.0,7.9076,1.0,30
LB28-3200-32-2-15-I,-3.107566038420653,-21.729561199558542,0.10457516339869281,2.5,15.0,8.0444,1.0,30
LB28-3200-32-2-15-I,-3.4749263566604234,-21.769217553284925,0.0915032679738562,2.5,15.0,8.436,1.0,30
LB28-3200-32-2-15-I,-3.4221281407763726,-21.76372233579315,0.0784313725490196,2.5,15.0,8.337,1.0,30
LB28-3200-32-2-15-I,-2.6729425671212015,-21.678099437819004,0.06862745098039216,2.5,15.0,7.651,1.0,30
LB28-3200-32-2-15-I,-3.1590994444066296,-21.735328516380232,0.09803921568627451,2.5,15.0,8.07,1.0,30
LB28-3200-32-2-15-I,-2.560332912226288,-21.66390429689436,0.11764705882352941,2.5,15.0,7.554,1.0,30
LB28-32-2-10-I,-2.465673360509411,-21.651683812656998,0.29411764705882354,2.5,15.0,7.434,1.0,30
LB28-32-2-10-I,-3.2059471165561493,-21.740512378981894,0.2973856209150327,2.5,15.0,8.126,1.0,30
LB28-32-2-10-I,-3.2391172251234552,-21.744149103631532,0.30718954248366015,2.5,15.0,8.116999999999999,1.0,30
LB28-32-2-10-I,-2.6107921214971466,-21.670310523847736,0.2875816993464052,2.5,15.0,7.567,1.0,30
LB28-32-2-10-I,-2.371472542283085,-21.639255230650836,0.27450980392156865,2.5,15.0,7.31,1.0,30
LB28-6400-64-2-15-I,-1.685510607651235,-24.550445090896773,0.013071895424836602,1.25,7.5,8.285,1.0,30
LB28-6400-64-2-15-I,-0.9516972997179378,-24.425575301494355,0.06535947712418301,1.25,7.5,7.573,1.0,30
LB28-6400-64-2-15-I,-0.9595858253357878,-24.427032931945092,0.02287581699346405,1.25,7.5,7.606,1.0,30
LB28-6400-64-2-15-I,-1.1272387499578305,-24.457393686447553,0.0392156862745098,1.25,7.5,7.746,1.0,30
LB28-6400-64-2-15-I,-1.3402716496224085,-24.494319526785315,0.058823529411764705,1.25,7.5,7.946,1.0,30
LB28-128-2-15-I,-1.5798925498288958,-30.554345852465055,0.0,0.3125,1.875,8.26,1.0,30
LB28-128-2-15-I,-1.282100215084005,-30.505015451827425,0.0032679738562091504,0.3125,1.875,7.953,1.0,30
LB28-128-2-15-I,-1.0120183781403842,-30.457254264025273,0.02287581699346405,0.3125,1.875,7.711,1.0,30
LB28-128-2-15-I,-1.339956103924008,-30.514866073829825,0.006535947712418301,0.3125,1.875,8.028,1.0,30
LB28-128-2-15-I,-1.4294004550312176,-30.52983906105401,0.0032679738562091504,0.3125,1.875,8.109,1.0,30
LB28-256-2-15-I,-3.7382763199228064,-33.836850921368935,0.0032679738562091504,0.15625,0.9375,10.857,0.7,30
LB28-256-2-15-I,-3.0468393607401456,-33.763876429826446,0.0,0.15625,0.9375,10.01,0.7,30
LB28-256-2-15-I,-3.6989679399462667,-33.8330064192583,0.0032679738562091504,0.15625,0.9375,10.805,0.7,30
LB28-25600-256-2-15-I,-3.907697585454372,-30.842728503639425,0.016339869281045753,0.3125,1.875,10.852,0.7,30
LB28-25600-256-2-15-I,-4.204873770376228,-30.869624389292163,0.0,0.3125,1.875,11.236,0.7,30
LB28-25600-256-2-15-I,-3.3300843054492106,-30.784881107965113,0.013071895424836602,0.3125,1.875,10.156,0.7,30
LB28-25600-256-2-15-I,-4.571547952835097,-30.900371472271864,0.016339869281045753,0.3125,1.875,11.716,0.7,30
LB28-25600-256-2-15-I,-2.6862298174662165,-30.71065009974196,0.0196078431372549,0.3125,1.875,9.411999999999999,0.7,30
LB28-25600-256-2-15-I,-3.382440527909607,-30.790447328142452,0.0032679738562091504,0.3125,1.875,10.204,0.7,30
LB28-25600-256-2-15-I,-1.8919718110328068,-30.602538503390928,0.013071895424836602,0.3125,1.875,8.572,0.7,30
LB28-25600-256-2-15-I,-3.9753683893655523,-30.849015860620213,0.0457516339869281,0.3125,1.875,10.94,0.7,30
LB28-25600-256-2-15-I,-2.4355920846085266,-30.67864410608198,0.02287581699346405,0.3125,1.875,9.136,0.7,30
LB28-25600-256-2-15-I,-3.730536244926836,-30.825796706101364,0.006535947712418301,0.3125,1.875,10.612,0.7,30
LB28-25600-256-2-15-I,-5.086142450556814,-30.939370190753696,0.013071895424836602,0.3125,1.875,12.46,0.7,30
LB28-25600-256-2-15-I,-4.742411394622049,-30.913836116436197,0.00980392156862745,0.3125,1.875,11.952,0.7,30
LB28-25600-256-2-15-I,-2.5175388320472374,-30.689312457331205,0.00980392156862745,0.3125,1.875,9.236,0.7,30
LB28-25600-256-2-15-I,-3.893521832541624,-30.841398964749292,0.026143790849673203,0.3125,1.875,10.836,0.7,30
LB28-25600-256-2-15-I,-2.2963969100591353,-30.660054978521245,0.00980392156862745,0.3125,1.875,8.984,0.7,30
LB28-25600-256-2-15-I,-3.4986679378811703,-30.80256674673581,0.00980392156862745,0.3125,1.875,10.332,0.7,30
LB28-25600-256-2-15-I,-3.6080248298191444,-30.8136773766618,0.0196078431372549,0.3125,1.875,10.48,0.7,30
LB28-25600-256-2-15-I,-3.44438448912748,-30.79694678542182,0.0196078431372549,0.3125,1.875,10.28,0.7,30
LB28-25600-256-2-15-I,-2.8020413654772196,-30.72482652929545,0.026143790849673203,0.3125,1.875,9.544,0.7,30
LB28-25600-256-2-15-I,-4.742553275917831,-30.913847078506965,0.05555555555555555,0.3125,1.875,11.952,0.7,30
LB28-25600-256-2-15-I,-2.5854298213162243,-30.697999737243975,0.0032679738562091504,0.3125,1.875,9.3,0.7,30
LB28-25600-256-2-15-I,-2.112898960560244,-30.634620993273117,0.0196078431372549,0.3125,1.875,8.796,0.7,30
LB28-25600-256-2-15-I,-3.995959388677745,-30.850909630176485,0.00980392156862745,0.3125,1.875,10.956,0.7,30
LB28-25600-256-2-15-I,-4.05354859298292,-30.85615872658692,0.016339869281045753,0.3125,1.875,11.044,0.7,30
LB28-25600-256-2-15-I,-3.3793056352998296,-30.79011592924591,0.013071895424836602,0.3125,1.875,10.216,0.7,30
LB28-25600-256-2-15-I,-4.656349668410294,-30.90712036220535,0.00980392156862745,0.3125,1.875,11.848,0.7,30
LB28-25600-256-2-15-I,-2.792587409798311,-30.723683393306672,0.03594771241830065,0.3125,1.875,9.532,0.7,30
LB28-25600-256-2-15-I,-2.244652034339498,-30.65299126368223,0.016339869281045753,0.3125,1.875,8.936,0.7,30
LB28-25600-256-2-15-I,-3.049463745021134,-30.753875994663087,0.00980392156862745,0.3125,1.875,9.812,0.7,30
LB28-25600-256-2-15-I,-1.9672076983600437,-30.613647816091195,0.0,0.3125,1.875,8.66,0.7,30
LB28-25600-256-2-15-I,-5.049578334881861,-30.936749076173086,0.0032679738562091504,0.3125,1.875,12.404,0.7,30
LB28-25600-256-2-15-I,-3.9309837954151434,-30.844903111476548,0.026143790849673203,0.3125,1.875,10.892,0.7,30
LB28-25600-256-2-15-I,-3.2981731117602036,-30.781455427549865,0.00980392156862745,0.3125,1.875,10.1,0.7,30
LB28-25600-256-2-15-I,-2.156003001158978,-30.640692414382258,0.00980392156862745,0.3125,1.875,8.84,0.7,30
LB28-25600-256-2-15-I,-2.0815842278812733,-30.63017221072148,0.0,0.3125,1.875,8.76,0.7,30
LB28-25600-256-2-15-I,-3.645782919977361,-30.81744907272223,0.029411764705882353,0.3125,1.875,10.524,0.7,30
LB28-25600-256-2-15-I,-2.3981170883422207,-30.673697888969212,0.006535947712418301,0.3125,1.875,9.096,0.7,30
LB28-25600-256-2-15-I,-3.7376092803169714,-30.826486015645145,0.05228758169934641,0.3125,1.875,10.636,0.7,30
LB28-25600-256-2-15-I,-3.163237447011584,-30.76668852590991,0.00980392156862745,0.3125,1.875,9.952,0.7,30
LB28-25600-256-2-15-I,-4.416464191098823,-30.88768314176133,0.013071895424836602,0.3125,1.875,11.524000000000001,0.7,30
LB28-25600-256-2-15-I,-2.442678799340038,-30.67957467200271,0.006535947712418301,0.3125,1.875,9.144,0.7,30
LB28-25600-256-2-15-I,-3.279006125527249,-30.779385710819742,0.05228758169934641,0.3125,1.875,10.096,0.7,30
LB28-25600-256-2-15-I,-1.9207731020097394,-30.606814045555506,0.0,0.3125,1.875,8.604,0.7,30
LB28-25600-256-2-15-I,-3.1007300217023626,-30.759690868533777,0.02287581699346405,0.3125,1.875,9.876,0.7,30
LB28-25600-256-2-15-I,-5.022094290552575,-30.934764291386106,0.05555555555555555,0.3125,1.875,12.352,0.7,30
LB28-25600-256-2-15-I,-2.1123212093557235,-30.634539204152244,0.00980392156862745,0.3125,1.875,8.804,0.7,30
LB28-25600-256-2-15-I,-2.8104187147451816,-30.725837408760547,0.0032679738562091504,0.3125,1.875,9.552,0.7,30
LB28-25600-256-2-15-I,-4.355766943428868,-30.882592451601266,0.0196078431372549,0.3125,1.875,11.428,0.7,30
LB28-25600-256-2-15-I,-3.2315022195658245,-30.774216529609742,0.02287581699346405,0.3125,1.875,10.028,0.7,30
LB28-25600-256-2-15-I,-3.0652017745987776,-30.755668386707136,0.026143790849673203,0.3125,1.875,9.836,0.7,30
LB28-25600-256-2-15-I,-4.126433060663369,-30.862702928473926,0.029411764705882353,0.3125,1.875,11.144,0.7,30
LB28-25600-256-2-15-I,-4.496172751136419,-30.894261157385124,0.0032679738562091504,0.3125,1.875,11.628,0.7,30
LB28-25600-256-2-15-I,-3.7077888694287617,-30.82357221216568,0.0196078431372549,0.3125,1.875,10.612,0.7,30
LB28-25600-256-2-15-I,-2.0483532504472857,-30.62541597916778,0.00980392156862745,0.3125,1.875,8.744,0.7,30
LB28-25600-256-2-15-I,-3.0108205494892464,-30.749447297957612,0.00980392156862745,0.3125,1.875,9.78,0.7,30
LB28-25600-256-2-15-I,-1.8397384331376165,-30.59471176340363,0.016339869281045753,0.3125,1.875,8.52,0.7,30
LB28-25600-256-2-15-I,-2.4182808433672607,-30.67636454865047,0.0,0.3125,1.875,9.108,0.7,30
LB28-25600-256-2-15-I,-4.170198501761851,-30.866580120029568,0.026143790849673203,0.3125,1.875,11.184,0.7,30
LB28-25600-256-2-15-I,-2.1694796523427993,-30.642578336344,0.032679738562091505,0.3125,1.875,8.86,0.7,30
LB28-25600-256-2-15-I,-4.534968324149581,-30.897419376441864,0.016339869281045753,0.3125,1.875,11.676,0.7,30
LB28-25600-256-2-15-I,-4.530227734704949,-30.897034972128235,0.013071895424836602,0.3125,1.875,11.676,0.7,30
LB28-25600-256-2-15-I,-3.397790376805795,-30.792066557891197,0.0196078431372549,0.3125,1.875,10.208,0.7,30
LB28-25600-256-2-15-I,-4.532810559798131,-30.897244459948283,0.016339869281045753,0.3125,1.875,11.688,0.7,30
LB28-25600-256-2-15-I,-3.023625318699848,-30.750919153907734,0.0784313725490196,0.3125,1.875,9.78,0.7,30
LB28-25600-256-2-15-I,-3.0396439306810437,-30.752754328356986,0.02287581699346405,0.3125,1.875,9.812,0.7,30
LB28-25600-256-2-15-I,-2.0169191168419887,-30.62088330487237,0.0032679738562091504,0.3125,1.875,8.7,0.7,30
LB28-25600-256-2-15-I,-2.9018820138172394,-30.73674818226783,0.0,0.3125,1.875,9.66,0.7,30
LB28-128-2-10-I,-1.8543333805352704,-30.596908180605983,0.0032679738562091504,0.3125,1.875,8.526,1.0,30
LB28-128-2-10-I,-3.3507991811579627,-30.78709142340746,0.0032679738562091504,0.3125,1.875,10.165999999999999,1.0,30
LB28-128-2-10-I,-3.460994578607023,-30.798673891338755,0.07516339869281045,0.3125,1.875,10.29,1.0,30
LB28-128-2-10-I,-0.3207902606782407,-30.32059000259238,0.0032679738562091504,0.3125,1.875,7.113999999999999,1.0,30
LB28-128-2-10-I,-1.6221259424492926,-30.56107209379371,0.006535947712418301,0.3125,1.875,8.302,1.0,30
LB28-128-2-10-I,-1.8396384127451464,-30.59469668569312,0.0,0.3125,1.875,8.514,1.0,30
LB28-128-2-10-I,-1.6389892346628012,-30.563739582371017,0.00980392156862745,0.3125,1.875,8.306,1.0,30
LB28-128-2-10-I,-2.4400096969858667,-30.67922436687132,0.00980392156862745,0.3125,1.875,9.129999999999999,1.0,30
LB28-128-2-10-I,-0.6994692695600355,-30.398145308030728,0.00980392156862745,0.3125,1.875,7.446,1.0,30
LB28-128-2-10-I,-2.076923474959008,-30.629507325920972,0.0,0.3125,1.875,8.75,1.0,30
LB28-128-2-10-I,-1.7210110068095197,-30.576567355766418,0.0032679738562091504,0.3125,1.875,8.389999999999999,1.0,30
LB28-128-2-10-I,-2.438688165044244,-30.679050843306218,0.00980392156862745,0.3125,1.875,9.133999999999999,1.0,30
LB28-128-2-10-I,-2.5031038807140202,-30.6874477998112,0.02287581699346405,0.3125,1.875,9.19,1.0,30
LB28-128-2-10-I,-3.2012616390129542,-30.770896297100403,0.013071895424836602,0.3125,1.875,9.985999999999999,1.0,30
LB28-128-2-10-I,-1.779187590703342,-30.58552012153152,0.0,0.3125,1.875,8.45,1.0,30
LB28-128-2-10-I,-2.7909970731613782,-30.723490851283483,0.0032679738562091504,0.3125,1.875,9.521999999999998,1.0,30
LB28-128-2-10-I,-0.12354725303614074,-30.277434343448046,0.00980392156862745,0.3125,1.875,6.937999999999999,1.0,30
LB28-128-2-10-I,-1.7744117927262435,-30.584789686340294,0.0032679738562091504,0.3125,1.875,8.434,1.0,30
LB28-128-2-10-I,-3.1623055173793673,-30.766584934996523,0.0,0.3125,1.875,9.946,1.0,30
LB28-128-2-10-I,-3.444024073217546,-30.796909236349265,0.0196078431372549,0.3125,1.875,10.277999999999999,1.0,30
LB28-128-2-10-I,-2.9325329393388726,-30.740353465885992,0.00980392156862745,0.3125,1.875,9.661999999999999,1.0,30
LB28-128-2-10-I,-0.6343080056213289,-30.385277031105453,0.0,0.3125,1.875,7.382,1.0,30
LB28-128-2-10-I,-2.537955089039889,-30.6919391999247,0.0,0.3125,1.875,9.245999999999999,1.0,30
LB28-128-2-10-I,0.39433189921689543,-30.154339281371467,0.0,0.3125,1.875,6.521999999999999,1.0,30
LB28-128-2-10-I,-1.7795266751031245,-30.58557195231637,0.006535947712418301,0.3125,1.875,8.453999999999999,1.0,30
LB28-128-2-10-I,-1.956247081817564,-30.612041326007457,0.013071895424836602,0.3125,1.875,8.617999999999999,1.0,30
LB28-128-2-10-I,-3.249970315064002,-30.776232873022668,0.00980392156862745,0.3125,1.875,10.033999999999999,1.0,30
LB28-128-2-10-I,-3.1521946866963804,-30.765459610910927,0.00980392156862745,0.3125,1.875,9.914,1.0,30
LB28-128-2-10-I,-0.8915133405499971,-30.434966924084875,0.0032679738562091504,0.3125,1.875,7.6259999999999994,1.0,30
LB28-128-2-10-I,-3.108811376527512,-30.76060124884577,0.00980392156862745,0.3125,1.875,9.882,1.0,30
LB28-128-2-10-I,-2.126563427761315,-30.636552229728856,0.013071895424836602,0.3125,1.875,8.806,1.0,30
LB28-128-2-10-I,0.3687148673718002,-30.16077945334786,0.0,0.3125,1.875,6.553999999999999,1.0,30
LB28-128-2-10-I,-2.573691833039244,-30.696507446622498,0.0032679738562091504,0.3125,1.875,9.261999999999999,1.0,30
LB28-128-2-10-I,-3.176224655182469,-30.76812983971795,0.0032679738562091504,0.3125,1.875,9.95,1.0,30
LB28-128-2-10-I,-0.17519875151155664,-30.288925503496547,0.0,0.3125,1.875,6.981999999999999,1.0,30
LB28-128-2-10-I,-1.4010152121264208,-30.5251207312581,0.0032679738562091504,0.3125,1.875,8.069999999999999,1.0,30
LB28-128-2-10-I,-0.9508224020318724,-30.4460133892685,0.0,0.3125,1.875,7.669999999999999,1.0,30
LB28-128-2-10-I,-3.594906079289638,-30.812359235925552,0.006535947712418301,0.3125,1.875,10.442,1.0,30
LB28-128-2-10-I,-3.47529597650699,-30.8001556580952,0.006535947712418301,0.3125,1.875,10.302,1.0,30
LB28-128-2-10-I,-0.702202941684011,-30.398680954824236,0.0032679738562091504,0.3125,1.875,7.446,1.0,30
LB28-128-2-10-I,-0.05521854164458083,-30.262021416900566,0.0,0.3125,1.875,6.893999999999999,1.0,30
LB28-128-2-10-I,-1.476638029798473,-30.537623073068673,0.0032679738562091504,0.3125,1.875,8.158,1.0,30
LB28-128-2-10-I,-0.8736777791197831,-30.431615393225137,0.0,0.3125,1.875,7.589999999999999,1.0,30
LB28-128-2-10-I,-3.362571574746578,-30.78834286924287,0.013071895424836602,0.3125,1.875,10.174,1.0,30
LB28-128-2-10-I,-2.6349728401658257,-30.70425406125939,0.0032679738562091504,0.3125,1.875,9.346,1.0,30
LB28-128-2-10-I,0.19857976771268088,-30.202601194620907,0.0,0.3125,1.875,6.6819999999999995,1.0,30
LB28-128-2-10-I,-2.0073284041284847,-30.61949381852806,0.006535947712418301,0.3125,1.875,8.677999999999999,1.0,30
LB28-128-2-10-I,-2.1910269705324796,-30.645581534771928,0.00980392156862745,0.3125,1.875,8.873999999999999,1.0,30
LB28-128-2-10-I,-3.389781017454414,-30.791222378083475,0.02287581699346405,0.3125,1.875,10.218,1.0,30
LB28-128-2-10-I,0.25377008571275356,-30.189213709531696,0.0,0.3125,1.875,6.645999999999999,1.0,30
LB28-128-2-10-I,0.4142588127668343,-30.14930328229323,0.0,0.3125,1.875,6.521999999999999,1.0,30
LB28-128-2-10-I,-0.7515804889957287,-30.4082983701231,0.006535947712418301,0.3125,1.875,7.481999999999999,1.0,30
LB28-128-2-10-I,0.3329889466778368,-30.16969782432586,0.0,0.3125,1.875,6.593999999999999,1.0,30
LB28-128-2-10-I,-2.4922613913269203,-30.686043122577644,0.0032679738562091504,0.3125,1.875,9.181999999999999,1.0,30
LB28-128-2-10-I,-3.2420908555392822,-30.775373643642503,0.0,0.3125,1.875,10.038,1.0,30
LB28-128-2-10-I,-0.5070367130790243,-30.359579319677266,0.0,0.3125,1.875,7.278,1.0,30
LB28-128-2-10-I,-0.7235111431763851,-30.402844633583157,0.0,0.3125,1.875,7.449999999999999,1.0,30
LB28-128-2-10-I,-2.4372894895737223,-30.678867132896272,0.0,0.3125,1.875,9.129999999999999,1.0,30
LB28-128-2-10-I,-2.3671558079209625,-30.669579077850436,0.0196078431372549,0.3125,1.875,9.049999999999999,1.0,30
LB28-128-2-10-I,-1.1421896320024845,-30.48064460931955,0.0,0.3125,1.875,7.826,1.0,30
LB28-128-2-10-I,-3.4709172977878975,-30.799702501689087,0.013071895424836602,0.3125,1.875,10.306,1.0,30
LB28-128-2-10-I,0.469493934963412,-30.13522266896719,0.0,0.3125,1.875,6.473999999999999,1.0,30
LB28-128-2-10-I,-3.4789615408414107,-30.800534661989097,0.0032679738562091504,0.3125,1.875,10.314,1.0,30
LB28-128-2-10-I,0.468895477401829,-30.135376190224445,0.00980392156862745,0.3125,1.875,6.481999999999999,1.0,30
LB28-128-2-10-I,-0.3764919271769367,-30.332426487393107,0.0,0.3125,1.875,7.1659999999999995,1.0,30
LB28-128-2-10-I,0.11687484074921994,-30.22211055674332,0.0,0.3125,1.875,6.757999999999999,1.0,30
LB28-128-2-10-I,-1.2720180316139311,-30.503285378661488,0.0,0.3125,1.875,7.953999999999999,1.0,30
LB28-128-2-10-I,-3.5554423072138452,-30.808369920670447,0.016339869281045753,0.3125,1.875,10.418,1.0,30
LB28-128-2-10-I,0.01631625798667674,-30.245623342631408,0.0,0.3125,1.875,6.837999999999999,1.0,30
LB28-128-2-10-I,-0.2235668345536659,-30.299562977931956,0.0,0.3125,1.875,7.029999999999999,1.0,30
LB28-128-2-10-I,-2.9950171858831935,-30.74762477262307,0.006535947712418301,0.3125,1.875,9.734,1.0,30
LB28-128-2-10-I,-3.061952245146898,-30.755298832223822,0.0,0.3125,1.875,9.814,1.0,30
LB28-128-2-10-I,-0.9622648265801391,-30.448127265279417,0.0,0.3125,1.875,7.6739999999999995,1.0,30
LB28-128-2-10-I,-3.3316321074723576,-30.785046625984304,0.0196078431372549,0.3125,1.875,10.142,1.0,30
LB28-128-2-10-I,0.41133516420427085,-30.15004360413529,0.0032679738562091504,0.3125,1.875,6.513999999999999,1.0,30
LB28-128-2-10-I,-1.0358051901899135,-30.461581008962273,0.0,0.3125,1.875,7.741999999999999,1.0,30
LB28-128-2-10-I,-3.196941718538591,-30.770420105982343,0.02287581699346405,0.3125,1.875,9.985999999999999,1.0,30
LB28-128-2-10-I,-0.18290581174954268,-30.290628443199687,0.0,0.3125,1.875,6.997999999999999,1.0,30
LB28-128-2-10-I,-2.1753531876545966,-30.643398449283044,0.016339869281045753,0.3125,1.875,8.857999999999999,1.0,30
LB28-128-2-10-I,0.1556402268250502,-30.212899976353373,0.0032679738562091504,0.3125,1.875,6.7219999999999995,1.0,30
LB28-128-2-10-I,-1.7455184304501523,-30.5803534154091,0.0,0.3125,1.875,8.418,1.0,30
LB28-128-2-10-I,-3.1992066535585097,-30.770669832132374,0.016339869281045753,0.3125,1.875,9.978,1.0,30
LB28-128-2-10-I,-0.693879117763051,-30.397048900776444,0.0,0.3125,1.875,7.433999999999999,1.0,30
LB28-128-2-10-I,-1.1638520132761623,-30.484469510789243,0.0,0.3125,1.875,7.858,1.0,30
LB28-128-2-10-I,-2.10654955645239,-30.633721544838778,0.0,0.3125,1.875,8.786,1.0,30
LB28-128-2-10-I,0.06662597402792578,-30.23392788837345,0.0,0.3125,1.875,6.797999999999999,1.0,30
LB28-128-2-10-I,-3.0390188096617115,-30.752682838133598,0.00980392156862745,0.3125,1.875,9.806,1.0,30
LB28-128-2-10-I,-2.6196246798028415,-30.702324127660738,0.0,0.3125,1.875,9.33,1.0,30
LB28-128-2-10-I,-0.8560417704801035,-30.428287799378484,0.0,0.3125,1.875,7.585999999999999,1.0,30
LB28-128-2-10-I,-0.6798721343701135,-30.394295477825864,0.0,0.3125,1.875,7.425999999999999,1.0,30
LB28-128-2-10-I,-2.4475054809814663,-30.680207601230972,0.00980392156862745,0.3125,1.875,9.129999999999999,1.0,30
LB28-128-2-10-I,-3.2588654025904122,-30.77720098190456,0.013071895424836602,0.3125,1.875,10.053999999999998,1.0,30
LB28-128-2-10-I,-0.059942640181412404,-30.26309485399432,0.0,0.3125,1.875,6.889999999999999,1.0,30
LB28-128-2-10-I,-0.6833851746025766,-30.39498688830674,0.006535947712418301,0.3125,1.875,7.417999999999999,1.0,30
LB28-128-2-10-I,-1.0601678725189358,-30.46598800548044,0.0,0.3125,1.875,7.754,1.0,30
LB28-64-2-10-I,-0.6612653705584324,-27.380324135668065,0.0032679738562091504,0.625,3.75,7.302,1.0,30
LB28-64-2-10-I,-1.7661003365036996,-27.57321661576996,0.006535947712418301,0.625,3.75,8.325999999999999,1.0,30
LB28-64-2-10-I,-2.954084924746387,-27.73257334669209,0.013071895424836602,0.625,3.75,9.594,1.0,30
LB28-64-2-10-I,-2.1788191714421385,-27.633581922656003,0.02287581699346405,0.625,3.75,8.738,1.0,30
LB28-64-2-10-I,-2.756115364446706,-27.70894998533438,0.029411764705882353,0.625,3.75,9.357999999999999,1.0,30
LB28-64-2-10-I,-1.9090534980572427,-27.594777738297413,0.013071895424836602,0.625,3.75,8.466,1.0,30
LB28-64-2-10-I,-1.2838377911801624,-27.495013252629484,0.013071895424836602,0.625,3.75,7.877999999999999,1.0,30
LB28-64-2-10-I,-1.728151471540945,-27.567372709108533,0.00980392156862745,0.625,3.75,8.293999999999999,1.0,30
LB28-64-2-10-I,-1.6861297404746312,-27.56084174553854,0.02287581699346405,0.625,3.75,8.245999999999999,1.0,30
LB28-64-2-10-I,-0.6447247127606092,-27.377047190128096,0.0032679738562091504,0.625,3.75,7.281999999999999,1.0,30
LB28-64-2-10-I,-1.9547078181344215,-27.60151543569143,0.0392156862745098,0.625,3.75,8.51,1.0,30
LB28-64-2-10-I,-2.9423800229561703,-27.73120637240078,0.029411764705882353,0.625,3.75,9.558,1.0,30
LB28-64-2-10-I,0.2624928622982036,-27.17678226113113,0.013071895424836602,0.625,3.75,6.558,1.0,30
LB28-64-2-10-I,0.29250479005176144,-27.16941577580992,0.0,0.625,3.75,6.533999999999999,1.0,30
LB28-64-2-10-I,-1.9006446261337548,-27.593529008175043,0.0,0.625,3.75,8.462,1.0,30
LB28-64-2-10-I,-1.1347419095186735,-27.469025203551624,0.016339869281045753,0.625,3.75,7.7299999999999995,1.0,30
LB28-64-2-10-I,-2.554121768921107,-27.683710495259348,0.08496732026143791,0.625,3.75,9.133999999999999,1.0,30
LB28-64-2-10-I,0.06471366130033808,-27.22407496679802,0.0,0.625,3.75,6.717999999999999,1.0,30
LB28-64-2-10-I,-2.8820257442748702,-27.72409903457221,0.0032679738562091504,0.625,3.75,9.498,1.0,30
LB28-64-2-10-I,-2.0896948103917694,-27.62102757821868,0.029411764705882353,0.625,3.75,8.658,1.0,30
LB28-64-2-10-I,-1.3623993387978195,-27.508352145475826,0.013071895424836602,0.625,3.75,7.925999999999999,1.0,30
LB28-64-2-10-I,-1.0907386466332816,-27.461183175352783,0.0,0.625,3.75,7.685999999999999,1.0,30
LB28-64-2-10-I,-1.1418822111878637,-27.470290234330225,0.016339869281045753,0.625,3.75,7.7379999999999995,1.0,30
LB28-64-2-10-I,-0.008476389209797918,-27.241037266740435,0.0,0.625,3.75,6.749999999999999,1.0,30
LB28-64-2-10-I,-2.688784043496147,-27.70066689872165,0.013071895424836602,0.625,3.75,9.298,1.0,30
LB28-64-2-10-I,-1.6456596830868895,-27.55449192269192,0.016339869281045753,0.625,3.75,8.213999999999999,1.0,30
LB28-64-2-10-I,-1.4971197618603662,-27.53067196015825,0.0,0.625,3.75,8.065999999999999,1.0,30
LB28-64-2-10-I,-2.4969259331302847,-27.67634790125543,0.016339869281045753,0.625,3.75,9.069999999999999,1.0,30
LB28-64-2-10-I,-2.0487884618963763,-27.615178548278724,0.0196078431372549,0.625,3.75,8.633999999999999,1.0,30
LB28-64-2-10-I,-1.2182489217287176,-27.48369066669761,0.02287581699346405,0.625,3.75,7.826,1.0,30
LB28-64-2-10-I,-1.363065291304262,-27.508464188730382,0.013071895424836602,0.625,3.75,7.953999999999999,1.0,30
LB28-64-2-10-I,-1.2093857398578747,-27.48214746144792,0.016339869281045753,0.625,3.75,7.797999999999999,1.0,30
LB28-64-2-10-I,0.3708561169118954,-27.149942636117217,0.0,0.625,3.75,6.457999999999999,1.0,30
LB28-64-2-10-I,-3.471731951588965,-27.7894868894613,0.0032679738562091504,0.625,3.75,10.174,1.0,30
LB28-64-2-10-I,-0.3358641875175749,-27.31350822043867,0.0,0.625,3.75,7.042,1.0,30
LB28-64-2-10-I,-1.9086946545995833,-27.594724498877618,0.006535947712418301,0.625,3.75,8.453999999999999,1.0,30
LB28-64-2-10-I,0.08836893020931635,-27.218531285634473,0.00980392156862745,0.625,3.75,6.6979999999999995,1.0,30
LB28-64-2-10-I,0.2538111038877992,-27.178903739733578,0.00980392156862745,0.625,3.75,6.553999999999999,1.0,30
LB28-64-2-10-I,0.29465263837493705,-27.168886627792062,0.0,0.625,3.75,6.537999999999999,1.0,30
LB28-64-2-10-I,-1.5246941862255534,-27.535155615033098,0.006535947712418301,0.625,3.75,8.101999999999999,1.0,30
LB28-64-2-10-I,-2.849740020086772,-27.720256312872035,0.029411764705882353,0.625,3.75,9.457999999999998,1.0,30
LB28-64-2-10-I,0.15818055754217822,-27.20199356693002,0.0032679738562091504,0.625,3.75,6.645999999999999,1.0,30
LB28-64-2-10-I,-3.1970974262285674,-27.760137321457723,0.02287581699346405,0.625,3.75,9.846,1.0,30
LB28-64-2-10-I,-1.9029681850159743,-27.593874301939707,0.0,0.625,3.75,8.446,1.0,30
LB28-64-2-10-I,-1.9743674365139325,-27.604395070271188,0.05555555555555555,0.625,3.75,8.533999999999999,1.0,30
LB28-64-2-10-I,-1.8143761915715624,-27.580577399759367,0.016339869281045753,0.625,3.75,8.389999999999999,1.0,30
LB28-64-2-10-I,-1.7411679288013968,-27.569382924889013,0.0196078431372549,0.625,3.75,8.309999999999999,1.0,30
LB28-64-2-10-I,-0.44771318534598936,-27.337041416852866,0.0032679738562091504,0.625,3.75,7.1499999999999995,1.0,30
LB28-64-2-10-I,-3.3457777749756072,-27.776256641129507,0.0457516339869281,0.625,3.75,10.03,1.0,30
LB28-64-2-10-I,-1.424058221299599,-27.51865344719407,0.0,0.625,3.75,7.997999999999999,1.0,30
LB28-64-2-10-I,-3.361737819625415,-27.777954393147496,0.0196078431372549,0.625,3.75,10.046,1.0,30
LB28-64-2-10-I,-2.081154390230849,-27.619810964986236,0.013071895424836602,0.625,3.75,8.654,1.0,30
LB28-64-2-10-I,-1.8635561062506942,-27.58799236578098,0.00980392156862745,0.625,3.75,8.421999999999999,1.0,30
LB28-64-2-10-I,0.26792398807589807,-27.175452950677258,0.0,0.625,3.75,6.553999999999999,1.0,30
LB28-64-2-10-I,-0.04513233208433477,-27.249425701608143,0.013071895424836602,0.625,3.75,6.789999999999999,1.0,30
LB28-64-2-10-I,-2.6882721616886767,-27.70060343397167,0.026143790849673203,0.625,3.75,9.277999999999999,1.0,30
LB28-64-2-10-I,-1.2251414949550032,-27.484888586108383,0.006535947712418301,0.625,3.75,7.829999999999999,1.0,30
LB28-64-2-10-I,-1.9661074009600665,-27.60318677262642,0.006535947712418301,0.625,3.75,8.53,1.0,30
LB28-64-2-10-I,-1.1479006910963747,-27.471354900350473,0.006535947712418301,0.625,3.75,7.7379999999999995,1.0,30
LB28-64-2-10-I,0.39331183454693086,-27.144296497856786,0.0032679738562091504,0.625,3.75,6.453999999999999,1.0,30
LB28-64-2-10-I,-3.012496048707951,-27.739340179971652,0.006535947712418301,0.625,3.75,9.638,1.0,30
LB28-64-2-10-I,-2.5611424156710587,-27.68460757210735,0.05228758169934641,0.625,3.75,9.149999999999999,1.0,30
LB28-64-2-10-I,-1.0004592407401582,-27.44484316579299,0.0032679738562091504,0.625,3.75,7.609999999999999,1.0,30
LB28-64-2-10-I,-1.323759474517769,-27.501821670452365,0.00980392156862745,0.625,3.75,7.914,1.0,30
LB28-64-2-10-I,-0.02723445104550122,-27.245338752083722,0.0032679738562091504,0.625,3.75,6.786,1.0,30
LB28-64-2-10-I,-3.652276600588762,-27.80779447850971,0.016339869281045753,0.625,3.75,10.393999999999998,1.0,30
LB28-64-2-10-I,-0.8830881298792308,-27.423085477436835,0.0032679738562091504,0.625,3.75,7.494,1.0,30
LB28-64-2-10-I,-2.2740500077094796,-27.64671475888847,0.016339869281045753,0.625,3.75,8.846,1.0,30
LB28-64-2-10-I,-2.3239529178610137,-27.653482501048526,0.0,0.625,3.75,8.878,1.0,30
LB28-64-2-10-I,0.33318930441687744,-27.15934805605949,0.0196078431372549,0.625,3.75,6.501999999999999,1.0,30
LB28-64-2-10-I,-0.19980891289161865,-27.284052803365288,0.00980392156862745,0.625,3.75,6.93,1.0,30
LB28-64-2-10-I,-3.613507029043874,-27.803927079775118,0.0196078431372549,0.625,3.75,10.341999999999999,1.0,30
LB28-64-2-10-I,-0.0016223404025918161,-27.23946089736188,0.006535947712418301,0.625,3.75,6.77,1.0,30
LB28-64-2-10-I,-0.9355278744234625,-27.432879206698367,0.0,0.625,3.75,7.553999999999999,1.0,30
LB28-64-2-10-I,-1.600635763011211,-27.54735770813902,0.0032679738562091504,0.625,3.75,8.165999999999999,1.0,30
LB28-64-2-10-I,-1.587715957496446,-27.54529682085789,0.006535947712418301,0.625,3.75,8.158,1.0,30
LB28-64-2-10-I,-3.1566216483336267,-27.755652692562034,0.03594771241830065,0.625,3.75,9.806,1.0,30
LB28-64-2-10-I,-3.4055679620878716,-27.782584863682146,0.029411764705882353,0.625,3.75,10.081999999999999,1.0,30
LB28-64-2-10-I,0.0748386244692923,-27.2217058479197,0.0032679738562091504,0.625,3.75,6.709999999999999,1.0,30
LB28-64-2-10-I,-1.357773769693096,-27.5075734417953,0.0196078431372549,0.625,3.75,7.949999999999999,1.0,30
LB28-64-2-10-I,-1.252760303852004,-27.48966966902565,0.00980392156862745,0.625,3.75,7.834,1.0,30
LB28-64-2-10-I,-3.4257306977350006,-27.784699329174202,0.049019607843137254,0.625,3.75,10.129999999999999,1.0,30
LB28-64-2-10-I,-0.5766862757973628,-27.363435755281913,0.0,0.625,3.75,7.2379999999999995,1.0,30
LB28-64-2-10-I,-2.378572938759251,-27.660801372513543,0.026143790849673203,0.625,3.75,8.957999999999998,1.0,30
LB28-64-2-10-I,-2.16907184285984,-27.632221396687843,0.026143790849673203,0.625,3.75,8.725999999999999,1.0,30
LB28-64-2-10-I,-2.3093814761486784,-27.65151438049812,0.032679738562091505,0.625,3.75,8.886,1.0,30
LB28-64-2-10-I,-0.6105186437789953,-27.37023074707773,0.006535947712418301,0.625,3.75,7.265999999999999,1.0,30
LB28-64-2-10-I,-0.22852263854853377,-27.290346262967102,0.0032679738562091504,0.625,3.75,6.957999999999999,1.0,30
LB28-64-2-10-I,-2.9200297176290873,-27.728585902707266,0.00980392156862745,0.625,3.75,9.533999999999999,1.0,30
LB28-64-2-10-I,-2.6189625710495297,-27.691940761494383,0.00980392156862745,0.625,3.75,9.209999999999999,1.0,30
LB28-64-2-10-I,0.3853320330135379,-27.146306238582735,0.0,0.625,3.75,6.453999999999999,1.0,30
LB28-64-2-10-I,-1.9281260100266873,-27.59760108985171,0.006535947712418301,0.625,3.75,8.498,1.0,30
LB28-25600-256-2-15-I,-2.551939645575038,-30.69373133128098,0.02287581699346405,0.3125,1.875,9.26,1.0,30
LB28-25600-256-2-15-I,-1.0160713123666254,-30.457993155704123,0.0,0.3125,1.875,7.734,0.7,30
LB28-25600-256-2-15-I,-2.1845306846595807,-30.64467767101076,0.00980392156862745,0.3125,1.875,8.868,0.7,30
LB28-25600-256-2-15-I,-5.625249833299012,-30.975561155302795,0.042483660130718956,0.3125,1.875,13.254,0.7,30
LB28-25600-256-2-15-I,-3.9311607836055655,-30.844919595102414,0.0,0.3125,1.875,10.884,0.7,30
LB28-25600-256-2-15-I,-4.515808099824448,-30.8958631320151,0.013071895424836602,0.3125,1.875,11.64,0.7,30
LB28-25600-256-2-15-I,-1.9222783466360538,-30.607036719910962,0.0196078431372549,0.3125,1.875,8.616,0.7,30
LB28-25600-256-2-15-I,-2.2741430796801057,-30.657027410301406,0.016339869281045753,0.3125,1.875,8.975999999999999,0.7,30
LB28-25600-256-2-15-I,-3.3294453443394194,-30.78481276188169,0.013071895424836602,0.3125,1.875,10.152,0.7,30
LB28-25600-256-2-15-I,-4.810067417959281,-30.919022953517377,0.0457516339869281,0.3125,1.875,12.048,0.7,30
LB28-25600-256-2-15-I,-1.888618693950368,-30.602038889053986,0.006535947712418301,0.3125,1.875,8.568,0.7,30
LB28-25600-256-2-15-I,-1.3814301226177592,-30.52184717845415,0.0,0.3125,1.875,8.076,0.7,30
LB28-25600-256-2-15-I,-4.69950876505978,-30.91050488076628,0.032679738562091505,0.3125,1.875,11.904,0.7,30
LB28-25600-256-2-15-I,-5.485783279364835,-30.96662495768332,0.013071895424836602,0.3125,1.875,13.038,0.7,30
LB28-25600-256-2-15-I,-2.4693235514289364,-30.683059873854145,0.013071895424836602,0.3125,1.875,9.192,0.7,30
LB28-25600-256-2-15-I,-5.341816699978754,-30.957094423120303,0.029411764705882353,0.3125,1.875,12.815999999999999,0.7,30
LB28-25600-256-2-15-I,-3.7121176387284374,-30.823996425994764,0.00980392156862745,0.3125,1.875,10.62,0.7,30
LB28-25600-256-2-15-I,-1.178100538829487,-30.486974974873167,0.013071895424836602,0.3125,1.875,7.896,0.7,30
LB28-25600-256-2-15-I,-1.3818771386731528,-30.5219220597666,0.0,0.3125,1.875,8.088000000000001,0.7,30
LB28-25600-256-2-15-I,-0.987905822377685,-30.45284401328545,0.00980392156862745,0.3125,1.875,7.7219999999999995,0.7,30
LB28-25600-256-2-15-I,-5.634002753786445,-30.97611247830974,0.013071895424836602,0.3125,1.875,13.242,0.7,30
LB28-25600-256-2-15-I,-4.602235404937579,-30.902828942447897,0.0032679738562091504,0.3125,1.875,11.766,0.7,30
LB28-25600-256-2-15-I,-4.032797157981932,-30.85427530758093,0.03594771241830065,0.3125,1.875,11.01,0.7,30
LB28-25600-256-2-15-I,-3.7084271090807674,-30.8236347854099,0.029411764705882353,0.3125,1.875,10.602,0.7,30
LB28-25600-256-2-15-I,-5.498517200313052,-30.967452829255276,0.00980392156862745,0.3125,1.875,13.056000000000001,0.7,30
LB28-25600-256-2-15-I,-4.346975959421646,-30.881849233792273,0.09477124183006536,0.3125,1.875,11.43,0.7,30
LB28-25600-256-2-15-I,-5.685836588406619,-30.97935467708967,0.032679738562091505,0.3125,1.875,13.344,0.7,30
LB28-25600-256-2-15-I,-4.305657499774546,-30.878335816161574,0.013071895424836602,0.3125,1.875,11.376,0.7,30
LB28-25600-256-2-15-I,-2.447668103923088,-30.68022891394816,0.00980392156862745,0.3125,1.875,9.156,0.7,30
LB28-25600-256-2-15-I,-2.4836888304010025,-30.68493003630058,0.00980392156862745,0.3125,1.875,9.18,0.7,30
LB28-25600-256-2-15-I,-5.000520310272726,-30.933197483738695,0.026143790849673203,0.3125,1.875,12.33,0.7,30
LB28-25600-256-2-15-I,-4.210499017295694,-30.870115963027033,0.0,0.3125,1.875,11.244,0.7,30
LB28-25600-256-2-15-I,-1.1048555392266661,-30.474007631446323,0.0032679738562091504,0.3125,1.875,7.818,0.7,30
LB28-25600-256-2-15-I,-1.7903048657334937,-30.587217346976985,0.00980392156862745,0.3125,1.875,8.484,0.7,30
LB28-25600-256-2-15-I,-3.084863128467391,-30.757898496445662,0.0,0.3125,1.875,9.852,0.7,30
LB28-25600-256-2-15-I,-3.279362933698733,-30.77942432368484,0.026143790849673203,0.3125,1.875,10.086,0.7,30
LB28-25600-256-2-15-I,-1.0929653791927423,-30.47188188002367,0.00980392156862745,0.3125,1.875,7.811999999999999,0.7,30
LB28-25600-256-2-15-I,-2.994547553387876,-30.747570510648764,0.006535947712418301,0.3125,1.875,9.75,0.7,30
LB28-25600-256-2-15-I,-1.8337406011514674,-30.593806997829706,0.013071895424836602,0.3125,1.875,8.514,0.7,30
LB28-25600-256-2-15-I,-4.1833261334597225,-30.867735503117338,0.026143790849673203,0.3125,1.875,11.196,0.7,30
LB28-25600-256-2-15-I,-4.662963117087146,-30.907641170723736,0.013071895424836602,0.3125,1.875,11.844,0.7,30
LB28-25600-256-2-15-I,-3.3501468154021374,-30.787021975439135,0.02287581699346405,0.3125,1.875,10.17,0.7,30
LB28-256-2-10-I,-3.4554885282001035,-33.80840206431179,0.0,0.15625,0.9375,10.5,0.7,30
LB28-6400-64-2-15-I,2.3426945716002248,-23.513766393875972,0.013071895424836602,1.25,7.5,5.114,1.0,30
LB28-6400-64-2-15-I,-3.4285413847589865,-24.774693350365073,0.026143790849673203,1.25,7.5,10.136,1.0,30
LB28-6400-64-2-15-I,-1.7564633620662626,-24.56143745435591,0.0196078431372549,1.25,7.5,8.342,1.0,30
LB28-6400-64-2-15-I,-1.6263049015079523,-24.541134187053704,0.049019607843137254,1.25,7.5,8.216,1.0,30
LB28-6400-64-2-15-I,0.9401450137064625,-23.987093684953717,0.026143790849673203,1.25,7.5,6.061999999999999,1.0,30
LB28-6400-64-2-15-I,-3.0129760218082904,-24.729095451289574,0.08823529411764706,1.25,7.5,9.632,1.0,30
LB28-6400-64-2-15-I,2.065358847509044,-23.619862138620647,0.00980392156862745,1.25,7.5,5.306,1.0,30
LB28-6400-64-2-15-I,1.0414233890299016,-23.95779685194041,0.02287581699346405,1.25,7.5,5.996,1.0,30
LB28-6400-64-2-15-I,0.44483200328397704,-24.120931743078557,0.00980392156862745,1.25,7.5,6.404,1.0,30
LB28-6400-64-2-15-I,2.38825437033471,-23.495680210738964,0.00980392156862745,1.25,7.5,5.09,1.0,30
LB28-6400-64-2-15-I,-2.573135887287128,-24.675836753968557,0.08823529411764706,1.25,7.5,9.164,1.0,30
LB28-6400-64-2-15-I,0.5414582651485965,-24.096006790640338,0.0196078431372549,1.25,7.5,6.368,1.0,30
LB28-6400-64-2-15-I,-2.5961786482194498,-24.678762825814122,0.032679738562091505,1.25,7.5,9.212,1.0,30
LB28-6400-64-2-15-I,-1.0925825369001838,-24.45121342451857,0.0392156862745098,1.25,7.5,7.718,1.0,30
LB28-6400-64-2-15-I,-1.8419221164974902,-24.574440945916983,0.016339869281045753,1.25,7.5,8.432,1.0,30
LB28-6400-64-2-15-I,-1.4492881135266962,-24.512526644232,0.0457516339869281,1.25,7.5,8.036,1.0,30
LB28-6400-64-2-15-I,0.2540728798664276,-24.16853987738148,0.006535947712418301,1.25,7.5,6.59,1.0,30
LB28-6400-64-2-15-I,-1.0790409294412042,-24.448785110138243,0.016339869281045753,1.25,7.5,7.712,1.0,30
LB28-6400-64-2-15-I,-3.910618981660164,-24.82240204816854,0.05228758169934641,1.25,7.5,10.73,1.0,30
LB28-6400-64-2-15-I,-2.7476463048025086,-24.697615213336796,0.0392156862745098,1.25,7.5,9.386,1.0,30
LB28-6400-64-2-15-I,-3.403307049720223,-24.772047192542818,0.10130718954248366,1.25,7.5,10.142,1.0,30
LB28-6400-64-2-15-I,1.4605659877470465,-23.829017719233477,0.013071895424836602,1.25,7.5,5.696,1.0,30
LB28-6400-64-2-15-I,0.16730744189484806,-24.189511821449177,0.013071895424836602,1.25,7.5,6.644,1.0,30
LB28-6400-64-2-15-I,1.2049032063664065,-23.909041555336987,0.026143790849673203,1.25,7.5,5.87,1.0,30
LB28-6400-64-2-15-I,-1.5138070010202684,-24.523088781244674,0.032679738562091505,1.25,7.5,8.096,1.0,30
LB28-6400-64-2-15-I,-3.6169332912554886,-24.793970297059087,0.06209150326797386,1.25,7.5,10.394,1.0,30
LB28-6400-64-2-15-I,-1.4932093819000045,-24.519733860231774,0.0718954248366013,1.25,7.5,8.108,1.0,30
LB28-6400-64-2-15-I,-0.3564549919461491,-24.307586240542292,0.03594771241830065,1.25,7.5,7.064,1.0,30
LB28-6400-64-2-15-I,0.6670518290001053,-24.062769645698808,0.06209150326797386,1.25,7.5,6.266,1.0,30
LB28-6400-64-2-15-I,1.0983618116640217,-23.941023745968884,0.032679738562091505,1.25,7.5,5.954,1.0,30
LB28-6400-64-2-15-I,-3.406948237882965,-24.772429969741033,0.02287581699346405,1.25,7.5,10.1,1.0,30
LB28-6400-64-2-15-I,-3.9662971587984464,-24.827578806179808,0.09803921568627451,1.25,7.5,10.838000000000001,1.0,30
LB28-6400-64-2-15-I,-4.027534739416458,-24.833196340259477,0.05555555555555555,1.25,7.5,10.898,1.0,30
LB28-6400-64-2-15-I,1.0162041868972511,-23.965156025072012,0.0196078431372549,1.25,7.5,6.008,1.0,30
LB28-6400-64-2-15-I,-2.5050249332881656,-24.66709639918249,0.058823529411764705,1.25,7.5,9.104,1.0,30
LB28-6400-64-2-15-I,-0.9684837757587472,-24.428673908084512,0.05228758169934641,1.25,7.5,7.58,1.0,30
LB28-6400-64-2-15-I,0.792288063478158,-24.028656031641546,0.05555555555555555,1.25,7.5,6.17,1.0,30
LB28-6400-64-2-15-I,-3.361264494660175,-24.767604176218292,0.06862745098039216,1.25,7.5,10.07,1.0,30
LB28-6400-64-2-15-I,-3.216645889039757,-24.751988370224506,0.11764705882352941,1.25,7.5,9.89,1.0,30
LB28-6400-64-2-15-I,-2.640609268084257,-24.684361182423256,0.0392156862745098,1.25,7.5,9.248,1.0,30
LB28-6400-64-2-15-I,2.041868300957926,-23.628541158779164,0.026143790849673203,1.25,7.5,5.311999999999999,1.0,30
LB28-6400-64-2-15-I,1.1146144259743416,-23.93619551560106,0.0196078431372549,1.25,7.5,5.93,1.0,30
LB28-6400-64-2-15-I,0.5198381163909962,-24.10163201221844,0.0196078431372549,1.25,7.5,6.368,1.0,30
LB28-3200-32-2-15-I,-2.366919767032874,-21.638647694248878,0.14052287581699346,2.5,15.0,7.392,1.0,30
LB28-3200-32-2-15-I,-0.5121594930323005,-21.32972841622455,0.026143790849673203,2.5,15.0,5.944,1.0,30
LB28-3200-32-2-15-I,-5.988502922505234,-21.96663300036941,0.11437908496732026,2.5,15.0,11.296,1.0,30
LB28-3200-32-2-15-I,-3.9479397060960846,-21.815579367471233,0.12091503267973856,2.5,15.0,8.92,1.0,30
LB28-3200-32-2-15-I,-4.293481641212332,-21.84639420833319,0.10130718954248366,2.5,15.0,9.272,1.0,30
LB28-3200-32-2-15-I,-3.429120729866353,-21.764453965448165,0.13398692810457516,2.5,15.0,8.368,1.0,30
LB28-3200-32-2-15-I,-3.937963272843578,-21.814652759703666,0.17647058823529413,2.5,15.0,8.896,1.0,30
LB28-3200-32-2-15-I,-1.5369087047754735,-21.516532726205263,0.07516339869281045,2.5,15.0,6.704,1.0,30
LB28-3200-32-2-15-I,-4.38021868212734,-21.853751915384475,0.12091503267973856,2.5,15.0,9.32,1.0,30
LB28-3200-32-2-15-I,-5.7780456946244785,-21.95412768648371,0.26143790849673204,2.5,15.0,11.056000000000001,1.0,30
LB28-3200-32-2-15-I,-6.304699907305048,-21.98431816836349,0.16666666666666666,2.5,15.0,11.72,1.0,30
LB28-3200-32-2-15-I,-0.8883774007611751,-21.40347876767324,0.0457516339869281,2.5,15.0,6.208,1.0,30
LB28-3200-32-2-15-I,-0.43160632892930406,-21.313089837455372,0.05555555555555555,2.5,15.0,5.864,1.0,30
LB28-3200-32-2-15-I,-4.708239597513416,-21.880285598392973,0.1111111111111111,2.5,15.0,9.76,1.0,30
LB28-3200-32-2-15-I,-2.1772588803710358,-21.61276443015831,0.10130718954248366,2.5,15.0,7.24,1.0,30
LB28-3200-32-2-15-I,-5.870149148997498,-21.959675093150157,0.1503267973856209,2.5,15.0,11.152000000000001,1.0,30
LB28-3200-32-2-15-I,1.6369026523125023,-20.76071327767709,0.03594771241830065,2.5,15.0,4.5760000000000005,1.0,30
LB28-3200-32-2-15-I,-6.172263553724417,-21.9770672743406,0.17647058823529413,2.5,15.0,11.528,1.0,30
LB28-3200-32-2-15-I,0.07797983444678361,-21.200369806212755,0.058823529411764705,2.5,15.0,5.52,1.0,30
LB28-3200-32-2-15-I,-4.414612123156933,-21.856628988587644,0.15359477124183007,2.5,15.0,9.4,1.0,30
LB28-3200-32-2-15-I,-5.206378943866866,-21.916935570874486,0.16993464052287582,2.5,15.0,10.32,1.0,30
LB28-3200-32-2-15-I,-4.4232475694198286,-21.857347787748754,0.0784313725490196,2.5,15.0,9.408,1.0,30
LB28-3200-32-2-15-I,-0.29166047202469125,-21.283439394614742,0.03594771241830065,2.5,15.0,5.784,1.0,30
LB28-16-2-10-I,13.452006765334104,-0.07731188429145419,0.0,2.5,15.0,0.0,1.0,30
LB28-16-2-10-I,-1.2517594176959765,-21.468897023115915,0.07516339869281045,2.5,15.0,6.37,1.0,30
LB28-16-2-10-I,2.1597716560372877,-20.574202228683202,0.00980392156862745,2.5,15.0,4.21,1.0,30
LB28-16-2-10-I,-2.1393588764186138,-21.607455274797253,0.00980392156862745,2.5,15.0,7.034,1.0,30
LB28-16-2-10-I,-3.9684523844405764,-21.817477903563972,0.10130718954248366,2.5,15.0,8.77,1.0,30
LB28-16-2-10-I,-1.2230199412982348,-21.463920152337607,0.10457516339869281,2.5,15.0,6.338,1.0,30
LB28-16-2-10-I,-0.8748535230108825,-21.400936884686846,0.013071895424836602,2.5,15.0,6.074,1.0,30
LB28-16-2-10-I,1.8284958063778847,-20.694962511787924,0.013071895424836602,2.5,15.0,4.386,1.0,30
LB28-16-2-10-I,4.038942108038867,-19.683976318960063,0.0032679738562091504,2.5,15.0,3.322,1.0,30
LB28-16-2-10-I,0.9156564123604066,-20.9837755751405,0.02287581699346405,2.5,15.0,4.906000000000001,1.0,30
LB28-16-2-10-I,-0.6644519770120445,-21.360354103031813,0.0457516339869281,2.5,15.0,5.914,1.0,30
LB28-16-2-10-I,-1.6539753941924094,-21.53520159351473,0.026143790849673203,2.5,15.0,6.642,1.0,30
LB28-16-2-10-I,-1.0602559599402466,-21.43510402499377,0.049019607843137254,2.5,15.0,6.234,1.0,30
LB28-16-2-10-I,-0.5015306077504804,-21.327550611118262,0.029411764705882353,2.5,15.0,5.834,1.0,30
LB28-16-2-10-I,5.826231752961318,-18.393560281429586,0.0032679738562091504,2.5,15.0,2.6020000000000003,1.0,30
LB28-16-2-10-I,5.139346963044202,-18.953100218878248,0.0032679738562091504,2.5,15.0,2.858,1.0,30
LB28-320-8-2-50-N,5.007048616072119,-9.051073280045683,0.0,25.0,150.0,0.0,1.0,30
LB28-320-8-2-50-N,4.148458175057596,-9.619250873419448,0.0,25.0,150.0,0.5459999999999998,1.0,30
LB28-320-8-2-50-N,4.860696708256333,-9.156032813696376,0.0,25.0,150.0,0.22599999999999976,1.0,30
LB28-320-8-2-50-N,4.856927459909944,-9.158689569657549,0.0,25.0,150.0,0.22599999999999976,1.0,30
LB28-320-8-2-50-N,3.57858038928456,-9.9388906947455,0.029411764705882353,25.0,150.0,0.7339999999999998,1.0,30
LB28-320-8-2-50-N,4.965228498321132,-9.081427318057976,0.0,25.0,150.0,0.1299999999999999,1.0,30
LB28-320-8-2-50-N,4.499748605206516,-9.400267704500939,0.0,25.0,150.0,0.4219999999999997,1.0,30
LB28-320-8-2-50-N,4.971727065162134,-9.076729663285272,0.0,25.0,150.0,0.09799999999999986,1.0,30
LB28-320-8-2-50-N,4.690498106586542,-9.273728137622646,0.0,25.0,150.0,0.32599999999999985,1.0,30
LB28-320-8-2-50-N,4.497685780819215,-9.40160599276411,0.0,25.0,150.0,0.3979999999999999,1.0,30
LB28-320-8-2-50-N,4.340958033924045,-9.501448927046662,0.0032679738562091504,25.0,150.0,0.48999999999999977,1.0,30
LB28-320-8-2-50-N,3.4629002487404916,-9.998809254643874,0.06209150326797386,25.0,150.0,0.7539999999999998,1.0,30
LB28-320-8-2-50-N,4.991000253681718,-9.062756138149785,0.0,25.0,150.0,0.08999999999999986,1.0,30
LB28-320-8-2-50-N,4.956979386981063,-9.087380282845563,0.0,25.0,150.0,0.1259999999999999,1.0,30
LB28-320-8-2-50-N,3.3881941523643304,-10.03666500047029,0.0457516339869281,25.0,150.0,0.7659999999999998,1.0,30
LB28-160-4-2-50-N,3.205966529589297,-7.116019068657552,0.0,50.0,300.0,0.19520000000000004,1.0,30
LB28-160-4-2-50-N,1.5239028321998727,-7.787854193961607,0.049019607843137254,50.0,300.0,0.8095999999999999,1.0,30
LB28-160-4-2-50-N,0.6964506946417292,-8.034249786473001,0.13398692810457516,50.0,300.0,1.0448,1.0,30
LB28-160-4-2-50-N,3.170902050760851,-7.13284300767957,0.0,50.0,300.0,0.18320000000000003,1.0,30
LB28-160-4-2-50-N,2.1867958527948024,-7.553638723067123,0.00980392156862745,50.0,300.0,0.6008,1.0,30
LB28-160-4-2-50-N,2.5658997352258206,-7.4027187991214145,0.0,50.0,300.0,0.5192,1.0,30
LB28-160-4-2-50-N,3.0178948510694785,-7.204686901337688,0.0,50.0,300.0,0.29600000000000004,1.0,30
LB28-160-4-2-50-N,3.3021971174384386,-7.069143570699286,0.0,50.0,300.0,0.03200000000000003,1.0,30
LB28-160-4-2-50-N,1.5759082383899239,-7.7707439055609,0.02287581699346405,50.0,300.0,0.7904,1.0,30
LB28-160-4-2-50-N,2.9596043072312246,-7.231398016127,0.0,50.0,300.0,0.33199999999999996,1.0,30
LB28-160-4-2-50-N,2.9474865562623345,-7.236905996649845,0.0,50.0,300.0,0.3056,1.0,30
LB28-160-4-2-50-N,3.302047344607195,-7.069217337500512,0.0,50.0,300.0,0.04160000000000008,1.0,30
LB28-160-4-2-50-N,3.2948120583048155,-7.072777865702287,0.08496732026143791,50.0,300.0,0.07279999999999998,1.0,30
LB28-160-4-2-50-N,0.9175430629141352,-7.972939121703947,0.06209150326797386,50.0,300.0,0.968,1.0,30
LB28-160-4-2-50-N,0.7430345954816022,-8.021589956066515,0.08496732026143791,50.0,300.0,1.0088,1.0,30
LB28-160-4-2-50-N,3.290919169945123,-7.074691126679937,0.0,50.0,300.0,0.04400000000000004,1.0,30
LB28-160-4-2-50-N,3.218171135986003,-7.110131357544812,0.0,50.0,300.0,0.16399999999999992,1.0,30
LB28-160-4-2-50-N,2.272183167350222,-7.520786482840009,0.0,50.0,300.0,0.6032,1.0,30
LB28-160-4-2-50-N,1.3279096054642536,-7.850527734160707,0.049019607843137254,50.0,300.0,0.8504,1.0,30
LB28-160-4-2-50-N,0.4125786157290146,-8.108528973578668,0.08496732026143791,50.0,300.0,1.1024,1.0,30
LB28-160-4-2-50-N,2.7796915632135724,-7.3116163179530815,0.0032679738562091504,50.0,300.0,0.42079999999999995,1.0,30
LB28-160-2-2-100-N,1.343153240414883,-7.845754006997151,0.0,50.0,300.0,0.0,1.0,30
LB28-160-2-2-100-N,1.1699927705011222,-7.899007795856978,0.4411764705882353,50.0,300.0,0.27,1.0,30
LB28-160-2-2-100-N,1.1396146635309414,-7.908133316520211,0.4444444444444444,50.0,300.0,0.252,1.0,30
LB28-160-2-2-100-N,0.09420248757115056,-8.186259656883502,0.4869281045751634,50.0,300.0,0.69,1.0,30
LB28-160-2-2-100-N,1.3242778382944789,-7.851662596206999,0.45098039215686275,50.0,300.0,0.06800000000000006,1.0,30
LB28-160-2-2-100-N,1.2527400775937383,-7.873824488302656,0.49673202614379086,50.0,300.0,0.15800000000000003,1.0,30
LB28-160-2-2-100-N,1.1373649463849806,-7.908806591681027,0.49673202614379086,50.0,300.0,0.28,1.0,30
LB28-160-2-2-100-N,-0.03746525983767881,-8.21677713124142,0.4444444444444444,50.0,300.0,0.726,1.0,30
LB28-160-2-2-100-N,1.310176596980497,-7.856059995942509,0.4934640522875817,50.0,300.0,0.09799999999999998,1.0,30
LB28-160-2-2-100-N,-0.4242760676519119,-8.301260410420031,0.43790849673202614,50.0,300.0,0.8480000000000001,1.0,30
LB28-160-2-2-100-N,0.6535955585551927,-8.04577695498234,0.434640522875817,50.0,300.0,0.496,1.0,30
LB28-160-2-2-100-N,0.5700430652106562,-8.067926445040019,0.4215686274509804,50.0,300.0,0.514,1.0,30
LB28-160-2-2-100-N,0.97746017688611,-7.955779007195048,0.48366013071895425,50.0,300.0,0.32400000000000007,1.0,30
LB28-160-2-2-100-N,-0.09297092383467037,-8.229367374975752,0.4477124183006536,50.0,300.0,0.738,1.0,30
LB28-160-2-2-100-N,1.0969156494509529,-7.920852575226169,0.5065359477124183,50.0,300.0,0.28200000000000003,1.0,30
LB28-160-2-2-100-N,0.5734237008883181,-8.067038497295403,0.5130718954248366,50.0,300.0,0.504,1.0,30
LB28-160-2-2-100-N,1.2961520109580182,-7.860419352163086,0.5,50.0,300.0,0.134,1.0,30
LB28-160-2-2-100-N,1.0232627526280342,-7.942500668276383,0.4934640522875817,50.0,300.0,0.31200000000000006,1.0,30
LB28-160-2-2-100-N,0.22473003542284306,-8.155079317364066,0.45098039215686275,50.0,300.0,0.648,1.0,30
LB28-160-2-2-100-N,1.2278502601531662,-7.881449974005449,0.4215686274509804,50.0,300.0,0.20800000000000007,1.0,30
LB28-160-2-2-100-N,0.42891987756720007,-8.104383477980155,0.4869281045751634,50.0,300.0,0.5640000000000001,1.0,30
LB28-160-2-2-100-N,0.16115883543791235,-8.170382241274659,0.434640522875817,50.0,300.0,0.664,1.0,30
LB28-3200-32-2-15-I,-3.0792831410546806,-21.72636673631979,0.12745098039215685,2.5,15.0,8.0,1.0,30
LB28-3200-32-2-15-I,-3.960817003696604,-21.81677226391772,0.12418300653594772,2.5,15.0,8.936,1.0,30
LB28-3200-32-2-15-I,-6.071489894117265,-21.97139986228454,0.10130718954248366,2.5,15.0,11.4,1.0,30
LB28-3200-32-2-15-I,-5.887522732447335,-21.960708382109154,0.19934640522875818,2.5,15.0,11.176,1.0,30
LB28-3200-32-2-15-I,-2.143140655947629,-21.607987122064962,0.09477124183006536,2.5,15.0,7.2,1.0,30
LB28-3200-32-2-15-I,-0.3010236420335729,-21.285453139619513,0.0392156862745098,2.5,15.0,5.776,1.0,30
LB28-3200-32-2-15-I,-0.6513621230904818,-21.35776374408791,0.05555555555555555,2.5,15.0,6.04,1.0,30
LB28-3200-32-2-15-I,-1.3217046885335912,-21.48087285065744,0.06535947712418301,2.5,15.0,6.5440000000000005,1.0,30
LB28-3200-32-2-15-I,-0.973837327655343,-21.41935964445757,0.10457516339869281,2.5,15.0,6.304,1.0,30
LB28-3200-32-2-15-I,0.8259601211819262,-21.009014957336245,0.049019607843137254,2.5,15.0,5.056,1.0,30
LB28-3200-32-2-15-I,2.1432127666519802,-20.5804596641288,0.029411764705882353,2.5,15.0,4.304,1.0,30
LB28-3200-32-2-15-I,2.6632952021309686,-20.37207164339387,0.0196078431372549,2.5,15.0,4.016,1.0,30
LB28-3200-32-2-15-I,-2.8997646513317616,-21.705598318930683,0.10130718954248366,2.5,15.0,7.88,1.0,30
LB28-3200-32-2-15-I,-2.236564478985436,-21.620979733217894,0.08823529411764706,2.5,15.0,7.296,1.0,30
LB28-3200-32-2-15-I,2.1969891065753506,-20.560050754754272,0.02287581699346405,2.5,15.0,4.256,1.0,30
LB28-3200-32-2-15-I,-2.053462327619581,-21.5952497228884,0.06862745098039216,2.5,15.0,7.128,1.0,30
LB28-3200-32-2-15-I,2.5315297056238943,-20.427250829992868,0.0,2.5,15.0,4.088,1.0,30
LB28-3200-32-2-15-I,-0.5035736989980676,-21.327969644132246,0.07516339869281045,2.5,15.0,5.928,1.0,30
LB28-3200-32-2-15-I,-1.27996491242823,-21.47374950538579,0.10784313725490197,2.5,15.0,6.52,1.0,30
LB28-3200-32-2-15-I,-0.5695471645877821,-21.34139522607222,0.06535947712418301,2.5,15.0,5.952,1.0,30
LB28-3200-32-2-15-I,1.6179694620832974,-20.767054652686394,0.026143790849673203,2.5,15.0,4.5920000000000005,1.0,30
LB28-3200-32-2-15-I,-3.471397137247512,-21.768852313409983,0.08823529411764706,2.5,15.0,8.44,1.0,30
LB28-3200-32-2-15-I,-3.5398753419319604,-21.77588641974745,0.0784313725490196,2.5,15.0,8.528,1.0,30
LB28-3200-32-2-15-I,-5.321079220805598,-21.924795522425285,0.13398692810457516,2.5,15.0,10.456,1.0,30
LB28-3200-32-2-15-I,-2.11690410165561,-21.604287810512023,0.0784313725490196,2.5,15.0,7.192,1.0,30
LB28-3200-32-2-15-I,-2.2119776046513535,-21.61758744701501,0.09803921568627451,2.5,15.0,7.296,1.0,30
LB28-3200-32-2-15-I,-2.1383095925299846,-21.607307627578408,0.042483660130718956,2.5,15.0,7.208,1.0,30
LB28-3200-32-2-15-I,-1.9434385942470145,-21.579258980237782,0.10130718954248366,2.5,15.0,7.032,1.0,30
LB28-3200-32-2-15-I,-2.808968076761728,-21.69476263256397,0.10457516339869281,2.5,15.0,7.808,1.0,30
LB28-3200-32-2-15-I,-3.6883416660133017,-21.790761315868345,0.10130718954248366,2.5,15.0,8.664,1.0,30
LB28-3200-32-2-15-I,1.500795678133707,-20.805691134482675,0.016339869281045753,2.5,15.0,4.640000000000001,1.0,30
LB28-3200-32-2-15-I,-5.888914032814886,-21.960790950677065,0.16339869281045752,2.5,15.0,11.144,1.0,30
LB28-3200-32-2-15-I,2.6757235856145445,-20.366780111459562,0.0196078431372549,2.5,15.0,4.016,1.0,30
LB28-3200-32-2-15-I,-3.4511257808182476,-21.76674866698354,0.0784313725490196,2.5,15.0,8.352,1.0,30
LB28-3200-32-2-15-I,-1.8707260866204944,-21.568466490372337,0.058823529411764705,2.5,15.0,6.968,1.0,30
LB28-3200-32-2-15-I,-3.955477882375511,-21.81627810030746,0.13071895424836602,2.5,15.0,8.872,1.0,30
LB28-3200-32-2-15-I,-5.878646583456415,-21.960180992119803,0.12418300653594772,2.5,15.0,11.176,1.0,30
LB28-3200-32-2-15-I,1.4558964195606197,-20.82022199711568,0.06535947712418301,2.5,15.0,4.672000000000001,1.0,30
LB28-3200-32-2-15-I,0.5434625228220487,-21.08518393803985,0.06862745098039216,2.5,15.0,5.232,1.0,30
LB28-3200-32-2-15-I,-0.8983590605259829,-21.405349801863487,0.058823529411764705,2.5,15.0,6.2,1.0,30
LB28-3200-32-2-15-I,-4.222631755219669,-21.840274172139313,0.0784313725490196,2.5,15.0,9.208,1.0,30
LB28-3200-32-2-15-I,-1.9972985028442625,-21.587137547172475,0.10457516339869281,2.5,15.0,7.08,1.0,30
LB28-3200-32-2-15-I,-2.151515800540113,-21.609163306009577,0.1568627450980392,2.5,15.0,7.232,1.0,30
LB28-3200-32-2-15-I,-3.853294931633765,-21.80670251113105,0.1503267973856209,2.5,15.0,8.792,1.0,30
LB28-3200-32-2-15-I,-6.1424240187274,-21.975402811072776,0.14705882352941177,2.5,15.0,11.512,1.0,30
LB28-3200-32-2-15-I,-2.521520504788487,-21.65892583663292,0.0915032679738562,2.5,15.0,7.536,1.0,30
LB28-3200-32-2-15-I,-2.555320038391126,-21.663263795853805,0.0915032679738562,2.5,15.0,7.52,1.0,30
LB28-3200-32-2-15-I,-2.1029410840836227,-21.60230991702206,0.0457516339869281,2.5,15.0,7.176,1.0,30
LB28-3200-32-2-15-I,-1.2691189519109773,-21.471887291213612,0.12418300653594772,2.5,15.0,6.52,1.0,30
LB28-3200-32-2-15-I,-2.3314580655933175,-21.63389371181554,0.08496732026143791,2.5,15.0,7.376,1.0,30
LB28-3200-32-2-15-I,-3.4407949807584997,-21.765672812065738,0.12091503267973856,2.5,15.0,8.384,1.0,30
LB28-3200-32-2-15-I,-4.667128182291855,-21.877068892546053,0.1111111111111111,2.5,15.0,9.704,1.0,30
LB28-3200-32-2-15-I,-4.365472519111449,-21.852511376539457,0.11764705882352941,2.5,15.0,9.344,1.0,30
LB28-3200-32-2-15-I,-3.9552979844774647,-21.816261439233802,0.14705882352941177,2.5,15.0,8.936,1.0,30
LB28-3200-32-2-15-I,-2.550965589637211,-21.662706822255334,0.08823529411764706,2.5,15.0,7.56,1.0,30
LB28-3200-32-2-15-I,-5.689928916689178,-21.948709137347887,0.1437908496732026,2.5,15.0,10.936,1.0,30
LB28-3200-32-2-15-I,-3.701822545360182,-21.79208695670542,0.09803921568627451,2.5,15.0,8.696,1.0,30
LB28-3200-32-2-15-I,1.600083673393862,-20.773019876568206,0.0457516339869281,2.5,15.0,4.5920000000000005,1.0,30
LB28-3200-32-2-15-I,-1.3703495829662893,-21.4890887008289,0.049019607843137254,2.5,15.0,6.5760000000000005,1.0,30
LB28-3200-32-2-15-I,-3.355637526205803,-21.75670629680021,0.0784313725490196,2.5,15.0,8.32,1.0,30
LB28-3200-32-2-15-I,-4.148755730968377,-21.833785511428147,0.12091503267973856,2.5,15.0,9.112,1.0,30
LB28-3200-32-2-15-I,0.5676217126512876,-21.078861962274047,0.029411764705882353,2.5,15.0,5.208,1.0,30
LB28-3200-32-2-15-I,-5.558950196602812,-21.940448968322947,0.13071895424836602,2.5,15.0,10.792,1.0,30
LB28-3200-32-2-15-I,-3.252595279277993,-21.74561890089613,0.08496732026143791,2.5,15.0,8.216,1.0,30
LB28-3200-32-2-15-I,-5.265957569877328,-21.92104416037455,0.10784313725490197,2.5,15.0,10.448,1.0,30
LB28-256-2-10-I,-3.180438390005025,-33.778896509203726,0.0,0.15625,0.9375,10.188,0.7,30
LB28-256-2-10-I,-2.188970840287046,-33.65559555700091,0.0,0.15625,0.9375,9.06,0.7,30
LB28-256-2-10-I,-1.6804164265012251,-33.58054881293,0.0,0.15625,0.9375,8.54,0.7,30
LB28-256-2-10-I,-0.706877297864092,-33.409896042953754,0.0,0.15625,0.9375,7.62,0.7,30
LB28-256-2-10-I,-0.1284190805428411,-33.28882400597689,0.0,0.15625,0.9375,7.116,0.7,30
LB28-256-2-10-I,-2.1696581433560795,-33.65290323176093,0.013071895424836602,0.15625,0.9375,9.052,0.7,30
LB28-256-2-10-I,-5.144060829270467,-33.95377715152188,0.00980392156862745,0.15625,0.9375,12.788,0.7,30
LB28-256-2-10-I,-1.4269374372490196,-33.539730823947174,0.0,0.15625,0.9375,8.292,0.7,30
LB28-256-2-10-I,-2.436341558190051,-33.689042548911594,0.00980392156862745,0.15625,0.9375,9.324,0.7,30
LB28-256-2-10-I,-1.8974099163144649,-33.61364791788602,0.0,0.15625,0.9375,8.764,0.7,30
LB28-256-2-10-I,0.11418551513270918,-33.23304644746669,0.0,0.15625,0.9375,6.916,0.7,30
LB28-256-2-10-I,-0.03655713349008794,-33.26806958506193,0.0,0.15625,0.9375,7.036,0.7,30
LB28-256-2-10-I,-1.8152174817555036,-33.601304863439715,0.006535947712418301,0.15625,0.9375,8.676,0.7,30
LB28-128-2-10-I,-2.6890937699643724,-30.711005252611198,0.032679738562091505,0.3125,1.875,9.41,1.0,30
LB28-128-2-10-I,0.5741515836172094,-30.108047049886384,0.0,0.3125,1.875,6.403999999999999,1.0,30
LB28-128-2-10-I,-2.920389170214933,-30.738928110285237,0.0,0.3125,1.875,9.661999999999999,1.0,30
LB28-128-2-10-I,-0.8025511408678401,-30.418112047751507,0.0,0.3125,1.875,7.507999999999999,1.0,30
LB28-128-2-10-I,1.3180051039931384,-29.894820305902762,0.0,0.3125,1.875,5.845999999999999,1.0,30
LB28-128-2-10-I,-1.5888463415732499,-30.555777334196673,0.0,0.3125,1.875,8.258,1.0,30
LB28-128-2-10-I,-1.9460122845372088,-30.610537553758615,0.0,0.3125,1.875,8.617999999999999,1.0,30
LB28-128-2-10-I,-1.5885977515942784,-30.55573763085129,0.0,0.3125,1.875,8.258,1.0,30
LB28-128-2-10-I,-2.361607433184791,-30.66883786431451,0.0196078431372549,0.3125,1.875,9.043999999999999,1.0,30
LB28-128-2-10-I,-0.6166640734733314,-30.381759299000713,0.00980392156862745,0.3125,1.875,7.363999999999999,1.0,30
LB28-512-2-15-I,-1.7143848007195384,-33.58583998025547,0.0,0.15625,0.9375,8.0,1.0,30
LB28-512-2-15-I,-3.6317977085965456,-33.82635585369719,0.0,0.15625,0.9375,10.0,1.0,30
LB28-512-2-15-I,-4.452385757697269,-33.90096250446921,0.006535947712418301,0.15625,0.9375,11.0,1.0,30
LB28-512-2-15-I,-3.7079764230644314,-30.82359060094544,0.0,0.3125,1.875,10.0,1.0,30
LB28-512-2-15-I,-3.7264867910473343,-30.825401556989963,0.006535947712418301,0.3125,1.875,10.0,1.0,30
LB28-1024-2-15-I,1.4240365820939362,-32.87164196422903,0.0,0.15625,0.9375,8.0,1.0,30
LB28-1024-2-15-I,-1.7141553373672622,-33.5858043759912,0.0,0.15625,0.9375,11.52,1.0,30
LB28-51200-1024-2-15-I,1.426269991839397,-32.87092796222781,0.0,0.15625,0.9375,8.0,1.0,30
LB28-51200-1024-2-15-I,-1.708420453430687,-33.584913921838286,0.0,0.15625,0.9375,11.52,1.0,30
LB28-51200-1024-2-15-I,-2.053639819299902,-33.63647502001285,0.0,0.15625,0.9375,12.0,1.0,30
LB28-51200-1024-2-15-I,-2.7558541872966513,-33.729518016112436,0.0,0.15625,0.9375,13.0,1.0,30
LB28-102400-2048-2-15-I,-0.12498520308341567,-36.29835601733078,0.0,0.078125,0.46875,13.0,1.0,30
LB28-102400-2048-2-15-I,-1.3608015542562115,-36.53898312588411,0.0,0.078125,0.46875,15.0,1.0,30
LB28-102400-2048-2-15-I,-2.444084486585609,-36.70035898753861,0.0,0.078125,0.46875,17.0,1.0,30
LB28-51200-1024-2-15-I,-2.0581615089920233,-33.6371235445267,0.0,0.15625,0.9375,12.0,1.0,30
LB28-51200-1024-2-15-I,-1.8244752732678213,-33.602706832822555,0.0,0.15625,0.9375,11.682,1.0,30
LB28-51200-1024-2-15-I,-1.6349888899170562,-33.573407688679104,0.0,0.15625,0.9375,11.422,1.0,30
LB28-51200-1024-2-15-I,-1.6701265866867394,-33.578937806574906,0.0032679738562091504,0.15625,0.9375,11.472,1.0,30
LB28-51200-1024-2-15-I,-1.3941983674207867,-33.534282959876,0.0,0.15625,0.9375,11.114,1.0,30
LB28-51200-1024-2-15-I,-2.3071560721522646,-33.671813133506475,0.0,0.15625,0.9375,12.356,1.0,30
LB28-51200-1024-2-15-I,-1.3924613466272362,-33.53399276634746,0.0,0.15625,0.9375,11.108,1.0,30
LB28-51200-1024-2-15-I,-2.0232395817112265,-33.63209728385895,0.0,0.15625,0.9375,11.946,1.0,30
LB28-51200-1024-2-15-I,-1.4830346909942584,-33.54897060546806,0.0,0.15625,0.9375,11.218,1.0,30
LB28-51200-1024-2-15-I,-2.410877968261804,-33.68568691197525,0.0,0.15625,0.9375,12.502,1.0,30
LB28-51200-1024-2-15-I,-2.4906861526813846,-33.696138710381284,0.00980392156862745,0.15625,0.9375,12.614,1.0,30
LB28-51200-1024-2-15-I,-1.8603493706375263,-33.60811134716602,0.0,0.15625,0.9375,11.742,1.0,30
LB28-51200-1024-2-15-I,-2.7198411586982325,-33.72510341151133,0.0,0.15625,0.9375,12.962,1.0,30
LB28-51200-1024-2-15-I,-1.5734619506365726,-33.56361589870173,0.0,0.15625,0.9375,11.35,1.0,30
LB28-51200-1024-2-15-I,-1.419104401001323,-33.53843112193317,0.0,0.15625,0.9375,11.138,1.0,30
LB28-51200-1024-2-15-I,-2.358928825662716,-33.67877964372989,0.0032679738562091504,0.15625,0.9375,12.43,1.0,30
LB28-51200-1024-2-15-I,-2.340128164577547,-33.67625943623448,0.0,0.15625,0.9375,12.392,1.0,30
LB28-51200-1024-2-15-I,-2.5393609285795646,-33.702419576965426,0.0,0.15625,0.9375,12.672,1.0,30
LB28-51200-1024-2-15-I,-1.5925635836751193,-33.566670716129714,0.013071895424836602,0.15625,0.9375,11.362,1.0,30
